"OZ991914";"User OZ991914";"SUPPLIER";;;"petstore"
"LU497XZH";"User LU497XZH";"SUPPLIER";;;"metalfriends"
"LY88KZOO";"User LY88KZOO";"STORE";;;"metalfriends"
"YYY";"User YYY";"WEBSHOP";;;"metalfriends"
"OZ991892";"User OZ991892";"SUPPLIER";;;"petstore"
"OZ934278";"User OZ934278";"SUPPLIER";;;"petstore"
"LY517IVW";"User LY517IVW";"STORE";;;"metalfriends"
"OY981417";"User OY981417";"STORE";;;"petstore"
"OZ991895";"User OZ991895";"SUPPLIER";;;"petstore"
"OZ979364";"User OZ979364";"SUPPLIER";;;"petstore"
"LU677HGZ";"User LU677HGZ";"WEBSHOP";;;"metalfriends"
"OZ999998";"User OZ999998";"SUPPLIER";;;"petstore"
"OZ991889";"User OZ991889";"SUPPLIER";;;"petstore"
"OZ991887";"User OZ991887";"SUPPLIER";;;"petstore"
"OZ991890";"User OZ991890";"SUPPLIER";;;"petstore"
"OZ979999";"User OZ979999";"SUPPLIER";;;"petstore"
"LY80YORG";"User LY80YORG";"STORE";;;"metalfriends"
"LU0YRMTL";"User LU0YRMTL";"SUPPLIER";;;"metalfriends"
"LZ2XZHRM";"User LZ2XZHRM";"WEBSHOP";;;"metalfriends"
"LY6MZKLO";"User LY6MZKLO";"STORE";;;"metalfriends"
"LU558XRI";"User LU558XRI";"SUPPLIER";;;"metalfriends"
"LY8763DR";"User LY8763DR";"STORE";;;"metalfriends"
"ZZZ";"User ZZZ";"WEBSHOP";;;"metalfriends"
"LU68PHXX";"User LU68PHXX";"WEBSHOP";;;"metalfriends"
"LU496NZT";"User LU496NZT";"SUPPLIER";;;"petstore"
"LZ70PHXXQS";"User LZ70PHXXQS";"WEBSHOP";;;"metalfriends"
"OZ575161";"User OZ575161";"WEBSHOP";;;"petstore"
"CENTREON";"User CENTREON";"MONITOR";;;"petstore"
"LOAD_BALANCER";"User LOAD_BALANCER";"WEBSHOP";;;"petstore"
"LU476NVI";"User LU476NVI";"WEBSHOP";;;"metalfriends"
"LY477YVG";"User LY477YVG";"WEBSHOP";;;"metalfriends"
"LZ68PHXX";"User LZ68PHXX";"WEBSHOP";;;"metalfriends"
"OY996699";"User OY996699";"STORE";;;"petstore"
"OY996684";"User OY996684";"STORE";;;"petstore"
"OY996681";"User OY996681";"STORE";;;"petstore"
"OY996679";"User OY996679";"STORE";;;"petstore"
"OY996677";"User OY996677";"STORE";;;"petstore"
"OY996380";"User OY996380";"STORE";;;"petstore"
"OY996285";"User OY996285";"STORE";;;"petstore"
"OY996280";"User OY996280";"STORE";;;"petstore"
"OY996276";"User OY996276";"STORE";;;"petstore"
"OY996273";"User OY996273";"STORE";;;"petstore"
"OY996271";"User OY996271";"STORE";;;"petstore"
"OY996248";"User OY996248";"STORE";;;"petstore"
"OY996237";"User OY996237";"STORE";;;"petstore"
"OY996232";"User OY996232";"STORE";;;"petstore"
"OY996209";"User OY996209";"STORE";;;"petstore"
"OY996197";"User OY996197";"STORE";;;"petstore"
"OY996194";"User OY996194";"STORE";;;"petstore"
"OY996182";"User OY996182";"STORE";;;"petstore"
"OY996176";"User OY996176";"STORE";;;"petstore"
"OY996174";"User OY996174";"STORE";;;"petstore"
"OY996172";"User OY996172";"STORE";;;"petstore"
"OY996156";"User OY996156";"STORE";;;"petstore"
"OY996143";"User OY996143";"STORE";;;"petstore"
"OY996141";"User OY996141";"STORE";;;"petstore"
"OY996136";"User OY996136";"STORE";;;"petstore"
"OY996135";"User OY996135";"STORE";;;"petstore"
"OY996133";"User OY996133";"STORE";;;"petstore"
"OY996126";"User OY996126";"STORE";;;"petstore"
"OY996117";"User OY996117";"STORE";;;"petstore"
"OY996111";"User OY996111";"STORE";;;"petstore"
"OY996109";"User OY996109";"STORE";;;"petstore"
"OY996107";"User OY996107";"STORE";;;"petstore"
"OY996102";"User OY996102";"STORE";;;"petstore"
"OY996090";"User OY996090";"STORE";;;"petstore"
"OY996088";"User OY996088";"STORE";;;"petstore"
"OY996086";"User OY996086";"STORE";;;"petstore"
"OY996079";"User OY996079";"STORE";;;"petstore"
"OY996070";"User OY996070";"STORE";;;"petstore"
"OY996068";"User OY996068";"STORE";;;"petstore"
"OY996064";"User OY996064";"STORE";;;"petstore"
"OY996060";"User OY996060";"STORE";;;"petstore"
"OY996059";"User OY996059";"STORE";;;"petstore"
"OY996051";"User OY996051";"STORE";;;"petstore"
"OY996031";"User OY996031";"STORE";;;"petstore"
"OY996029";"User OY996029";"STORE";;;"petstore"
"OY996028";"User OY996028";"STORE";;;"petstore"
"OY996023";"User OY996023";"STORE";;;"petstore"
"OY996020";"User OY996020";"STORE";;;"petstore"
"OY996016";"User OY996016";"STORE";;;"petstore"
"OY995983";"User OY995983";"STORE";;;"petstore"
"OY995977";"User OY995977";"STORE";;;"petstore"
"OY995971";"User OY995971";"STORE";;;"petstore"
"OY995969";"User OY995969";"STORE";;;"petstore"
"OY995968";"User OY995968";"STORE";;;"petstore"
"OY995967";"User OY995967";"STORE";;;"petstore"
"OY995965";"User OY995965";"STORE";;;"petstore"
"OY995962";"User OY995962";"STORE";;;"petstore"
"OY995959";"User OY995959";"STORE";;;"petstore"
"OY995958";"User OY995958";"STORE";;;"petstore"
"OY995952";"User OY995952";"STORE";;;"petstore"
"OY995951";"User OY995951";"STORE";;;"petstore"
"OY995949";"User OY995949";"STORE";;;"petstore"
"OY995907";"User OY995907";"STORE";;;"petstore"
"OY995904";"User OY995904";"STORE";;;"petstore"
"OY995902";"User OY995902";"STORE";;;"petstore"
"OY995824";"User OY995824";"STORE";;;"petstore"
"OY995822";"User OY995822";"STORE";;;"petstore"
"OY995781";"User OY995781";"STORE";;"2016-04-13";"petstore"
"OY995770";"User OY995770";"STORE";;;"petstore"
"OY995768";"User OY995768";"STORE";;;"petstore"
"OY995759";"User OY995759";"STORE";;;"petstore"
"OY995758";"User OY995758";"STORE";;;"petstore"
"OY995757";"User OY995757";"STORE";;;"petstore"
"OY995751";"User OY995751";"STORE";;;"petstore"
"OY995749";"User OY995749";"STORE";;;"petstore"
"OY995746";"User OY995746";"STORE";;;"petstore"
"OY995740";"User OY995740";"STORE";;;"petstore"
"OY995738";"User OY995738";"STORE";;;"petstore"
"OY995737";"User OY995737";"STORE";;;"petstore"
"OY995735";"User OY995735";"STORE";;;"petstore"
"OY995733";"User OY995733";"STORE";;;"petstore"
"OY995728";"User OY995728";"STORE";;;"petstore"
"OY995726";"User OY995726";"STORE";;;"petstore"
"OY995725";"User OY995725";"STORE";;;"petstore"
"OY995720";"User OY995720";"STORE";;;"petstore"
"OY995718";"User OY995718";"STORE";;;"petstore"
"OY995709";"User OY995709";"STORE";;;"petstore"
"OY995708";"User OY995708";"STORE";;;"petstore"
"OY995706";"User OY995706";"STORE";;;"petstore"
"OY995449";"User OY995449";"STORE";;;"petstore"
"OY995413";"User OY995413";"STORE";;;"petstore"
"OY995347";"User OY995347";"STORE";;;"petstore"
"OY995334";"User OY995334";"STORE";;;"petstore"
"OY995312";"User OY995312";"STORE";;;"petstore"
"OY995089";"User OY995089";"STORE";;;"petstore"
"OY995083";"User OY995083";"STORE";;;"petstore"
"OY995013";"User OY995013";"STORE";;;"petstore"
"OY995009";"User OY995009";"STORE";;;"petstore"
"OY994744";"User OY994744";"STORE";;;"petstore"
"OY994518";"User OY994518";"STORE";;;"petstore"
"OY994347";"User OY994347";"STORE";;;"petstore"
"OY992081";"User OY992081";"STORE";;;"petstore"
"OY991885";"User OY991885";"STORE";;;"petstore"
"OY991475";"User OY991475";"STORE";;;"petstore"
"OY991456";"User OY991456";"STORE";;;"petstore"
"OY989035";"User OY989035";"STORE";;;"petstore"
"OY988394";"User OY988394";"STORE";;;"petstore"
"OY987892";"User OY987892";"STORE";;;"petstore"
"OY987884";"User OY987884";"STORE";;;"petstore"
"OY987786";"User OY987786";"STORE";;;"petstore"
"OY987714";"User OY987714";"STORE";;;"petstore"
"OY987507";"User OY987507";"STORE";;;"petstore"
"OY987488";"User OY987488";"STORE";;;"petstore"
"OY987351";"User OY987351";"STORE";;;"petstore"
"OY987151";"User OY987151";"STORE";;;"petstore"
"OY986539";"User OY986539";"STORE";;;"petstore"
"OY984872";"User OY984872";"STORE";;;"petstore"
"OY984563";"User OY984563";"STORE";;;"petstore"
"OY984187";"User OY984187";"STORE";;;"petstore"
"OY984046";"User OY984046";"STORE";;;"petstore"
"OY983679";"User OY983679";"STORE";;;"petstore"
"OY983677";"User OY983677";"STORE";;;"petstore"
"OY983650";"User OY983650";"STORE";;;"petstore"
"OY983649";"User OY983649";"STORE";;;"petstore"
"OY983648";"User OY983648";"STORE";;;"petstore"
"OY983622";"User OY983622";"STORE";;;"petstore"
"OY979024";"User OY979024";"STORE";;"2015-05-06";"petstore"
"OY978678";"User OY978678";"STORE";;;"petstore"
"OY978509";"User OY978509";"STORE";;;"petstore"
"OY978459";"User OY978459";"STORE";;;"petstore"
"OY977911";"User OY977911";"STORE";;"2015-05-06";"petstore"
"OY977844";"User OY977844";"STORE";;"2015-05-06";"petstore"
"OY977221";"User OY977221";"STORE";;"2015-05-06";"petstore"
"OY966073";"User OY966073";"STORE";;"2015-05-06";"petstore"
"OY965476";"User OY965476";"STORE";;"2015-05-06";"petstore"
"OY961570";"User OY961570";"STORE";;"2015-05-06";"petstore"
"OY961224";"User OY961224";"STORE";;"2015-05-06";"petstore"
"OY960539";"User OY960539";"STORE";;;"petstore"
"OY960307";"User OY960307";"STORE";;;"petstore"
"OY959449";"User OY959449";"STORE";;;"petstore"
"OY959430";"User OY959430";"STORE";;;"petstore"
"OY951433";"User OY951433";"STORE";;"2015-05-06";"petstore"
"OY950246";"User OY950246";"STORE";;"2015-05-06";"petstore"
"OY949553";"User OY949553";"STORE";;"2015-05-06";"petstore"
"OY949551";"User OY949551";"STORE";;;"petstore"
"OY948775";"User OY948775";"STORE";;"2015-05-06";"petstore"
"OY948726";"User OY948726";"STORE";;"2015-05-06";"petstore"
"OY947463";"User OY947463";"STORE";;;"petstore"
"OY947316";"User OY947316";"STORE";;"2015-05-06";"petstore"
"OY944045";"User OY944045";"STORE";;"2015-05-06";"petstore"
"OY939575";"User OY939575";"STORE";;"2015-05-06";"petstore"
"OY938493";"User OY938493";"STORE";;"2015-05-06";"petstore"
"OY938368";"User OY938368";"STORE";;"2015-05-06";"petstore"
"OY937654";"User OY937654";"STORE";;"2015-05-06";"petstore"
"OY933725";"User OY933725";"STORE";;"2015-05-06";"petstore"
"OY932196";"User OY932196";"STORE";;"2015-05-06";"petstore"
"OY924412";"User OY924412";"STORE";;"2015-05-06";"petstore"
"OY923191";"User OY923191";"STORE";;;"petstore"
"OY918453";"User OY918453";"STORE";;"2015-05-06";"petstore"
"OY917789";"User OY917789";"STORE";;"2015-05-06";"petstore"
"OY886916";"User OY886916";"STORE";;"2015-05-06";"petstore"
"OY983621";"User OY983621";"STORE";;;"petstore"
"OY983620";"User OY983620";"STORE";;;"petstore"
"OY983617";"User OY983617";"STORE";;;"petstore"
"OY983598";"User OY983598";"STORE";;;"petstore"
"OY983581";"User OY983581";"STORE";;;"petstore"
"OY983404";"User OY983404";"STORE";;;"petstore"
"OY983403";"User OY983403";"STORE";;;"petstore"
"OY983136";"User OY983136";"STORE";;;"petstore"
"OY983127";"User OY983127";"STORE";;;"petstore"
"OY983066";"User OY983066";"STORE";;;"petstore"
"OY983043";"User OY983043";"STORE";;;"petstore"
"OY983041";"User OY983041";"STORE";;;"petstore"
"OY983040";"User OY983040";"STORE";;;"petstore"
"OY983023";"User OY983023";"STORE";;;"petstore"
"OY982870";"User OY982870";"STORE";;;"petstore"
"OY981718";"User OY981718";"STORE";;;"petstore"
"OY981667";"User OY981667";"STORE";;"2015-05-06";"petstore"
"OY981606";"User OY981606";"STORE";;;"petstore"
"OY981591";"User OY981591";"STORE";;;"petstore"
"OY981350";"User OY981350";"STORE";;;"petstore"
"OY981349";"User OY981349";"STORE";;;"petstore"
"OY981347";"User OY981347";"STORE";;;"petstore"
"OY981176";"User OY981176";"STORE";;;"petstore"
"OY981134";"User OY981134";"STORE";;;"petstore"
"OY980787";"User OY980787";"STORE";;;"petstore"
"OY980647";"User OY980647";"STORE";;;"petstore"
"OY980646";"User OY980646";"STORE";;;"petstore"
"OY980528";"User OY980528";"STORE";;;"petstore"
"OY980509";"User OY980509";"STORE";;;"petstore"
"OY980236";"User OY980236";"STORE";;;"petstore"
"OY980081";"User OY980081";"STORE";;;"petstore"
"OY980035";"User OY980035";"STORE";;"2016-01-13";"petstore"
"OY980006";"User OY980006";"STORE";;;"petstore"
"OY979955";"User OY979955";"STORE";;;"petstore"
"OY979954";"User OY979954";"STORE";;;"petstore"
"OY979783";"User OY979783";"STORE";;"2015-05-06";"petstore"
"OY979774";"User OY979774";"STORE";;;"petstore"
"OY979771";"User OY979771";"STORE";;;"petstore"
"OY979766";"User OY979766";"STORE";;;"petstore"
"OY979407";"User OY979407";"STORE";;;"petstore"
"OY979363";"User OY979363";"STORE";;;"petstore"
"OY979362";"User OY979362";"STORE";;;"petstore"
"OY979360";"User OY979360";"STORE";;"2016-05-11";"petstore"
"OY979055";"User OY979055";"STORE";;;"petstore"
